[
    {
        "id":1,
        "title":"Html",
        "author":"john by html",
        "img":"https://th.bing.com/th/id/OIP.vIoM38G1SpCQj0lbKxQYdwHaEK?pid=Api&rs=1",
        "Desc":"Description of html tutorial description of html tutorial  description of html tutorial"
    },
    {
        "id":2,
        "title":"Css",
        "author":"john by css",
        "img":"https://th.bing.com/th/id/OIP.IpcL1Dls9lXN60F6_DO3tAHaHs?pid=Api&rs=1",
        "Desc":"Description of css tutorial  description of css tutorial  description of css tutorial"
    },
    {
        "id":3,
        "title":"Javascript",
        "author":"john by javascript",
        "img":"http://patorjk.com/images/blog-2012/js-book.png",
        "Desc":"Description of js tutorial  description of js tutorial  description of js tutorial"
    },
    {
        "id":4,
        "title":"Jquery",
        "author":"john by jquery",
        "img":"https://th.bing.com/th/id/OIP.CX4QFsHNbJ9T2qn2vmpk-wHaHa?pid=Api&rs=1",
        "Desc":"Description of jqery tutorial  description of jqery tutorial  description of jqery tutorial"
    },
    {
        "id":5,
        "title":"ReactJs",
        "author":"john by react",
        "img":"https://th.bing.com/th/id/OIP.95BdYHyehK3YGhy97wyU3gAAAA?pid=Api&rs=1",
        "Desc":"Description of ReactJs tutorial  description of ReactJs tutorial  description of ReactJs tutorial"
    },
    {
        "id":6,
        "title":"Redux",
        "author":"john by redux",
        "img":"https://thereduxjsbooks.com/images/book-2-show.png",
        "Desc":"Description of Redux tutorial  description of Redux tutorial  description of Redux tutorial"
    },
    {
        "id":7,
        "title":"Angular",
        "author":"john by Angular",
        "img":"https://th.bing.com/th/id/OIP.YEBS8KgHNoxsI1qKDUuLyAAAAA?pid=Api&rs=1",
        "Desc":"Description of Angular tutorial  description of Angular tutorial  description of Angular tutorial"
    },
    {
        "id":8,
        "title":"Nodejs",
        "author":"john by NodeJs",
        "img":"https://th.bing.com/th/id/OIP.Gjj8uv1-Y5sKDXkRqXL5ugHaEM?pid=Api&rs=1",
        "Desc":"Description of Nodejs tutorial description of Nodejs tutorial description of Nodejs tutorial"
    },
    {
        "id":9,
        "title":"MongoDB",
        "author":"john by MongoDB",
        "img":"https://www.oreilly.com/library/cover/9781491954454/",
        "Desc":"Description of MongoDB tutorial  description of MongoDB tutorial  description of MongoDB tutorial"
    },
    {
        "id":10,
        "title":"MERN STACK",
        "author":"john by MERN stack",
        "img":"https://th.bing.com/th/id/OIP._PI9jPUSAe9sBGOTyoi4xQAAAA?pid=Api&rs=1",
        "Desc":"Description of MEEN stack tutorial description of MEAN stack tutorial description of MEAN stack tutorial"
    }  
]