{
  "userDetails": [
    {
      "id": "teja",
      "password": "111"
    },
    {
      "id": "venkat",
      "password": "123"
    },
    {
      "id": "admin",
      "password": "admin"
    }
  ],
  "collegeinfo": [
    {
      "cityID": 1,
      "id": 1,
      "collageName": "SSV College of Engineering",
      "city": "Bengalore",
      "collegeInfo": {
        "name": "SSV College of Engineering",
        "city": "Bengalore",
        "code": 2141,
        "collageId": 1,
        "year": 1995,
        "address": "Electronic city,Neeladri nagar",
        "contact": "+91 7396656866",
        "email": "iib.c@gmail.com",
        "hostelFacility": "yes",
        "courses": [
          "ECE",
          "CSE",
          "Mechanical"
        ]
      }
    },
    {
      "cityID": 1,
      "id": 2,
      "collageName": "SSM Business School",
      "city": "Bengalore",
      "collegeInfo": {
        "name": "SSM College",
        "city": "Bengalore",
        "code": 2144,
        "collageId": 2,
        "year": 1988,
        "address": "MG ROAD,Bengalore",
        "contact": "+91 8919013615",
        "email": "ssmb.cat@gmail.com",
        "hostelFacility": "no",
        "courses": [
          "Hr",
          "Marketing",
          "Sales"
        ]
      }
    },
    {
      "cityID": 1,
      "id": 3,
      "collageName": "IIFM Business School",
      "city": "Bengalore",
      "collegeInfo": {
        "name": "SSM College",
        "city": "Bengalore",
        "code": 12341,
        "collageId": 3,
        "year": 1970,
        "address": "Bommasandra",
        "contact": "+91 143215314321",
        "email": "iifm.cat@gmail.com",
        "hostelFacility": "yes",
        "courses": [
          "Hr",
          "Marketing",
          "Sales"
        ]
      }
    },
    {
      "cityID": 2,
      "id": 4,
      "collageName": "JNTU Hyderabad",
      "city": "Hyderabad",
      "collegeInfo": {
        "name": "JNTU Hyderabad",
        "city": "Hyderabad",
        "code": 432104,
        "collageId": 1,
        "year": 1970,
        "address": "Secundrabad,mainroad",
        "contact": "+91 143215314321",
        "email": "iifm.cat@gmail.com",
        "hostelFacility": "yes",
        "courses": [
          "EEE",
          "ECE",
          "CSE"
        ]
      }
    },
    {
      "cityID": 2,
      "id": 5,
      "collageName": "Osmania Univercity",
      "city": "Hyderabad",
      "collegeInfo": {
        "name": "Osmania Univercity",
        "city": "Hyderabad",
        "code": 43123,
        "collageId": 2,
        "year": 1970,
        "address": "Madhapur",
        "contact": "+91 143215314321",
        "email": "iifm.cat@gmail.com",
        "hostelFacility": "yes",
        "courses": [
          "Mechanical",
          "Civil",
          "EEE"
        ]
      }
    },
    {
      "cityID": 2,
      "id": 6,
      "collageName": "JNTU Hyderabad",
      "city": "Hyderabad",
      "collegeInfo": {
        "name": "Praghathi college",
        "city": "Hyderabad",
        "code": 432104,
        "collageId": 3,
        "year": 1970,
        "address": "Bommasandra",
        "contact": "+91 143215314321",
        "email": "iifm.cat@gmail.com",
        "hostelFacility": "yes",
        "courses": [
          "EEE",
          "CSE",
          "ECE"
        ]
      }
    },
    {
      "cityID": 3,
      "id": 7,
      "collageName": "Chaitanya College",
      "city": "Vizag",
      "collegeInfo": {
        "name": "Praghathi college",
        "city": "Vizag",
        "code": 3212344,
        "collageId": 1,
        "year": 1970,
        "address": "Gajuwaka",
        "contact": "+91 21910282121",
        "email": "chaitanya@gmail.com",
        "hostelFacility": "no",
        "courses": [
          "Mechanical",
          "civi",
          "ECE"
        ]
      }
    },
    {
      "cityID": 3,
      "id": 8,
      "collageName": "Chaitanya College",
      "city": "Vizag",
      "collegeInfo": {
        "name": "Praghathi college",
        "city": "Vizag",
        "code": 3212344,
        "collageId": 2,
        "year": 1960,
        "address": "Gajuwaka",
        "contact": "+91 21910282121",
        "email": "chaitanya@gmail.com",
        "hostelFacility": "no",
        "courses": [
          "Mechanical",
          "civi",
          "ECE"
        ]
      }
    },
    {
      "cityID": 3,
      "id": 9,
      "collageName": "Andhra Univercity",
      "city": "Vizag",
      "collegeInfo": {
        "name": "Andhra Univercity",
        "city": "Vizag",
        "code": 3212344,
        "collageId": 3,
        "year": 1975,
        "address": "Meddelapalem",
        "contact": "+91 21910282121",
        "email": "andhra.univercity@gmail.com",
        "hostelFacility": "yes",
        "courses": [
          "ECE",
          "CSE",
          "ECE"
        ]
      }
    }
  ],
  "cities": [
    "Hyderabad",
    "Bengalore",
    "Vizag"
  ],
  "application": [
    {
      "name": "venkata teja",
      "age": "28",
      "contactnumber": "8919013615",
      "fathername": "venkatateja",
      "status": "pending",
      "trackingId": 872,
      "id": 1
    },
    {
      "name": "venkata teja",
      "age": "25",
      "contactnumber": "8919013615",
      "fathername": "afsaf",
      "status": "pending",
      "trackingId": 769,
      "id": 2
    },
    {
      "name": "afa",
      "age": "29",
      "fathername": "ras",
      "contactnumber": "1314213",
      "status": "pending",
      "trackingId": 880,
      "id": 3
    },
    {
      "name": "afa",
      "age": "27",
      "contactnumber": "1314213",
      "fathername": "afdaf",
      "status": "pending",
      "trackingId": 587,
      "id": 4
    },
    {
      "name": "daf",
      "age": "22",
      "fathername": "ds",
      "contactnumber": "132142143",
      "status": "pending",
      "trackingId": 517,
      "id": 5
    }
  ]
}